29,12.4,PG,Juan Dixon
23,16,SF,Derrick Brown
24,12.5,PG,Briante Weber
25,3.7,C,Todd Mundt
34,14.6,PG,Bobby Jackson
21,14.9,SG,Klay Thompson
38,20.7,SF,Michael Jordan*
32,14.6,PG,Vern Fleming
23,12.8,SF,Paul Thompson
33,13.5,PF,Brian Scalabrine
34,12.6,C,Bill Laimbeer
29,10.8,SF,Randolph Keys
31,12.1,SG,Courtney Lee
28,8.9,PF,Tellis Frank
33,10.4,C,Tom McMillen
28,6.9,SF,Danny Vranes
26,16.2,PF,Jon Leuer
26,-2.8,C,Loren Meyer
24,8.6,SF,Axel Toupane
32,9.3,PF,Sidney Green
26,10.6,PF,Patrick Patterson
25,0.2,C,Charles Claxton
38,9,PF,Clifford Robinson
32,10.6,SF,Rafael Addison
23,15.6,C,Matt Wenstrom
30,13.3,SF,Corey Brewer
32,12.3,SF,Terry Tyler
28,8.6,C,Michael Ruffin
21,13.3,PF,Juan Hernangomez
28,19.2,PG,Jeff Teague
33,11.2,SG,Gerald Wilkins
28,13.9,C,Tony Farmer
36,8.6,PF,Bo Outlaw
30,9.2,PF,Kenny Gattison
31,21.2,PG,Terrell Brandon
21,14.6,SF,Bruno Caboclo
31,9,SG,Arron Afflalo
26,13.5,PF,Andre Brown
24,14.9,SF,Shabazz Muhammad
34,8.5,PG,Haywoode Workman
33,10.7,C,Zeljko Rebraca
30,11.7,SF,Reggie Williams
32,3.8,SG,Tony Smith
33,6.5,PG,Jeff McInnis
22,9,SG,C.J. McCollum
23,12.5,SF,K.J. McDaniels
31,0.4,C,Jake Voskuhl
31,6.7,SF,Charles Davis
23,11,PG,Dwayne Morton
26,13.6,C,Vladimir Stepania
24,4.3,PF,Craig Brackins
24,15.8,PF,Larry Nance
33,14.1,SG,Trent Tucker
31,9,PG,Scott Skiles
30,11.3,PG,Sarunas Jasikevicius
34,10.3,PG,Anthony Johnson
25,14.9,PG,Sean Colson
24,13.6,PF,Brian Rowsom
31,12.3,SF,Andre Iguodala
25,11.7,PF,Stephane Lasme
33,14.5,SG,Jalen Rose
24,-0.9,C,Fernando Martin
33,7.8,PF,Dave Greenwood
34,8,PG,Robert Pack
32,16.1,PG,Tony Delk
25,16.4,C,Pape Sow
34,12.5,C,Dave Corzine
31,10.7,SG,Morris Peterson
26,19.3,PF,Ken Green
24,18,C,John Henson
33,7.2,C,Sam Lacey
26,34.4,PF,Ben Davis
32,11.9,PG,Travis Best
30,11.2,SG,Garrett Temple
27,8.4,SF,Luke Babbitt
35,11.6,PG,Darrick Martin
27,11.1,PG,Eugene Jeter
22,-20.7,SG,Chris McCray
27,6.5,C,Leon Douglas
22,2.1,SF,David Pope
33,6.4,SG,Nick Anderson
22,5.6,SF,Ken Austin
35,6.2,PG,Chris Childs
37,1.2,C,Derrick Coleman
29,11.8,PF,Anthony Tolliver
35,6.2,PG,Kirk Hinrich
24,17,SG,Jeremy Lamb
22,7.6,SG,Ricky Ledo
23,11.5,SF,DerMarr Johnson
35,6.9,C,Corie Blount
28,-1.6,PG,A.J. Price
26,13.4,SG,Joe Hassett
24,24.1,C,Shawn Long
28,12.1,PF,Bill Curley
32,7,C,Andrew Lang
26,4.1,SF,Alonzo Bradley
27,8.4,PF,Jabari Smith
28,7.6,SF,Alvin Scott
24,11.3,PF,Maurice Ndour
22,4.7,SG,Jamaal Franklin
39,11.1,PF,Sam Perkins
23,17.9,PF,Nikola Mirotic
30,8.2,C,Zendon Hamilton
28,18.8,C,Jim Rowinski
23,24.4,SG,Brandon Williams
27,12.3,PG,Delonte West
29,9.2,C,Jon Koncak
25,13,PG,Pierre Jackson
27,9.7,PG,Dirk Minniefield
29,6.2,PG,Robert Smith
31,5.6,SF,Darvin Ham
24,11.9,SF,Kenny Fields
21,16.5,SF,Andrew Wiggins
29,15.1,PF,Ray Tolbert
22,18.6,SG,Archie Goodwin
23,7,PG,John Duren
34,8.7,PG,Charlie Ward
27,10,PG,Andre Owens
33,-7.3,SF,Bob McCann
28,9.2,SF,Jeff Lamp
25,21.3,SG,Jimmy Butler
31,7.9,C,Kurt Nimphius
27,6.9,PF,Jeff Sanders
22,24.9,C,Enes Kanter
23,1.9,SG,Norman Black
29,19.4,C,Al Horford
29,6.9,SF,Reggie Hanson
32,10.7,PG,B.J. Armstrong
36,12.7,C,P.J. Brown
29,15.3,C,Chris Kaman
33,9.7,PF,Al Harrington
25,4.2,PG,Fred Cofield
31,12.2,PG,Johnny Dawkins
23,20.1,SF,Chris Owens
22,0.2,SF,Tony Zeno
33,16.9,PF,Chris Webber
24,4.7,SF,Ed O'Bannon
22,4.9,SG,Shea Seals
26,11.3,SF,Al-Farouq Aminu
23,12.8,SF,Justin Anderson
23,10.5,C,Horacio Llamas
35,4.9,C,Sean Marks
25,13.2,PG,Shelvin Mack
23,17.3,SF,Otto Porter
24,12.4,SF,Qyntel Woods
22,9.8,PF,Jordan Mickey
36,12.9,PF,Kermit Washington
34,9,SG,Lucious Harris
30,11.3,PF,Hakim Warrick
25,18.7,PG,Steve Alford
36,10.2,PG,Brian Shaw
37,16.2,C,Alonzo Mourning*
33,-1.7,PG,Jerry Sichting
28,0,SF,Ronnie Brewer
26,14,PF,Markieff Morris
25,18.5,PF,Jordan Hill
24,5.6,PF,Adreian Payne
25,8.1,SG,Isaiah Canaan
33,15.9,PG,Anthony Goldwire
24,0.5,SF,Dale Wilkinson
26,11.5,PF,Alec Kessler
30,13.5,SG,Lloyd Daniels
42,13,C,Robert Parish*
25,-24.7,PF,Brad Wright
30,12.3,PG,Ramon Sessions
22,5.6,PF,Jim Johnstone
33,6.1,PG,Aaron McKie
35,10.7,SG,T.R. Dunn
26,10.8,PG,James Blackwell
24,-23,SG,Darius Johnson-Odom
23,13.9,PF,Mirsad Turkcan
27,8.6,PG,Perry Moss
22,10.4,PF,Anthony Bennett
30,6.9,PG,Mike Bratz
33,17.3,C,Rik Smits
29,11.4,SG,Alvin Williams
24,9.4,C,Curtis Borchardt
23,6.1,SF,James Nunnally
28,13.2,SG,Al Wood
31,12.8,PF,Kenny Carr
32,17.9,SF,Carmelo Anthony
32,11.8,SG,Voshon Lenard
19,90.3,C,Jackie Butler
33,12.7,PF,Chris Mills
25,10.4,PF,Cedrick Hordges
26,8,C,Donald Hodge
39,-2.2,PG,Lindsey Hunter
24,11.1,SG,Iman Shumpert
23,2.4,C,Aleksandar Radojevic
35,2.1,SF,Jim Jackson
31,-2.4,SG,Antoine Rigaudeau
37,8.3,SF,Eric Piatkowski
23,15,C,Alex Len
22,7.1,PF,Branden Dawson
26,12.2,PG,Willie Smith
30,6.7,C,Jeff Wilkins
30,10.2,PG,Horace Jenkins
30,19.8,PF,Alvan Adams
25,15.4,SF,Richard Dumas
34,12.9,SG,Tony Allen
20,3.3,C,Dalibor Bagaric
37,13.2,C,Dale Davis
24,17.6,PG,Kemba Walker
36,17.8,SG,Dana Barros
34,8,SG,Jeff Malone
27,17.6,SG,Tony Harris
26,-0.2,C,Stuart Gray
31,7.7,SG,Allen Leavell
25,4.1,C,Ron Cavenall
27,10,C,Jim McIlvaine
23,14.9,C,Bismack Biyombo
22,-4.8,SF,Todd Mitchell
28,15.2,PF,Bill Robinzine
34,9.9,SF,M.L. Carr
23,4.1,SF,Mike Higgins
26,12.8,SG,Evan Turner
33,8,SG,Paul Pressey
33,16.1,PF,Christian Laettner
26,11.2,SF,Bill Willoughby
32,9.1,PF,Dan Gadzuric
27,7.8,SG,Felipe Lopez
22,8.7,PG,Billy Donovan
29,6.2,SG,Sasha Pavlovic
34,13.5,C,Wes Unseld*
24,8.2,SF,J.J. Anderson
33,12.2,C,Alan Henderson
28,11.8,SF,Gerald Paddio
27,5.2,PG,Vincenzo Esposito
25,11.6,C,Joe Cooper
29,15.4,SF,Marcus Haislip
31,10.4,PF,Jason Maxiell
30,8.9,PF,David Andersen
24,6.9,SF,James Wilkes
32,11.3,SF,Rick Fox
22,15,C,Ratko Varda
22,21.8,C,Jarnell Stokes
24,13.1,SG,Rudy Fernandez
31,8.5,C,Rich Kelley
23,12.7,SF,Draymond Green
24,13,PF,Sam Williams
32,4.7,C,Clifford Ray
31,6.7,SG,Vincent Askew
31,15.4,C,Earl Barron
30,21.2,PF,Eddie Lee
31,26.2,PG,Chris Paul
35,12.5,PF,Tom Chambers
34,12.8,SG,Vinnie Johnson
29,13.1,SG,Jodie Meeks
34,11.1,SG,World B.
24,7.8,C,Marcus Cousin
31,8.8,SF,Sean Elliott
35,11.1,PF,Tom Gugliotta
34,16.6,C,Tyson Chandler
27,-90.6,C,Gheorghe Muresan
29,5.8,C,Arinze Onuaku
23,17,PG,Omar Cook
25,11,C,Geoff Crompton
27,7.9,SG,Elijah Millsap
29,10.3,PG,Clinton Wheeler
31,17.5,SG,J.J. Redick
28,17.7,PG,Mike Wilks
25,-21.5,SG,Brad Holland
33,14.6,SG,Paul Westphal
33,6.1,PG,Rick Brunson
29,-6.2,PF,Samaki Walker
26,11.3,C,Loren Woods
27,2.1,SG,Greg Graham
32,14.1,SF,Corey Maggette
30,8.5,PF,Lonnie Shelton
33,9.7,SF,Brian Cardinal
33,15.6,C,Channing Frye
33,12.7,PF,Corliss Williamson
30,10.1,PG,Winston Garland
29,6.3,SG,Brian Oliver
24,10.4,PG,Vonteego Cummings
23,12.5,PF,Esteban Batista
26,10.3,SG,Lance Stephenson
30,19.8,C,Yao Ming*
29,11.6,PF,Dickey Simpkins
22,10.6,PG,Myron Jackson
23,-7.1,SF,Dontonio Wingfield
27,9.6,SF,Joe Ingles
26,9.4,PG,Matthew Dellavedova
32,3.3,PF,Malik Allen
28,10.1,SF,Wally Walker
31,16.7,SF,Ollie Johnson
31,11.9,SF,Tony Brown
38,8.3,SF,Johnny Newman
21,17.3,SG,Jordan Adams
22,19.9,C,Nerlens Noel
22,8,SF,Charlie Sitton
28,14,PF,Walter Herrmann
26,5,PG,Shane Heal
34,11.7,PF,Reggie Evans
36,8.2,SF,Richard Jefferson
31,2.2,PF,Luke Walton
22,9.9,SG,Guy Morgan
23,33.7,PG,Luis Flores
20,11.2,SF,Martin Lewis
30,18.8,PF,Alex Stivrins
25,3.9,PF,Makhtar N'Diaye
34,12.1,SF,Adrian Dantley*
30,5.6,PG,Steve Henson
25,-19.8,C,Rich King
25,8.9,C,Mario Kasun
33,0.5,C,Rony Seikaly
21,10,SG,James Young
31,3.1,SF,Sam Mack
22,-48.6,C,Mile Ilic
23,8.7,PF,Scooter McCray
31,9.7,PG,Jim Les
32,9.1,PF,Troy Murphy
23,5.8,SG,Jeff Lebo
23,8.6,PG,Duck Williams
29,13.2,SG,Mike McGee
31,6.7,PG,Carlos Arroyo
22,12.9,SF,Kyle Anderson
31,-22.1,C,Vitaly Potapenko
22,6.2,SG,Wayne Selden
27,12.9,SF,Sly Williams
41,14.9,C,Kevin Willis
35,11.6,PG,Frank Johnson
20,6.9,C,Ha Seung-Jin
22,7.2,SG,Lavor Postell
34,9.1,PG,John Lucas
25,5.7,SF,Bill Martin
37,12.3,PF,Buck Williams
23,31.7,SG,Kelly McCarty
23,16.1,SG,Troy Daniels
38,19.3,PF,Kevin Garnett
32,9.7,PG,Jim Paxson
25,6.6,PF,Jay Murphy
28,13,SG,Patrick Beverley
27,16.7,SG,Todd Lichti
31,14.9,SG,Tracy McGrady
21,7.8,SG,Jay Edwards
24,6.2,SF,Rodney White
26,14.6,C,Jason Collier
27,16.6,C,Gustavo Ayon
37,12.2,PG,Avery Johnson
23,5.9,PF,Steve Malovic
26,6.3,C,Eric Mobley
24,13,SF,Frankie Sanders
24,10.9,C,Marshall Plumlee
26,13.3,SG,Gary Forbes
27,9.7,PG,Brandon Jennings
24,11.7,SF,Aaron Swinson
22,16.1,SG,Harold Keeling
22,-2.2,SG,Aaron Harrison
32,9.5,C,Manute Bol
23,8.5,PG,Harold Miner
31,15.1,SG,Bonzi Wells
29,6.8,PF,Stromile Swift
30,15.2,SF,John Drew
37,5.2,C,Tree Rollins
28,17,PG,Derrick Rose
22,14.7,PG,Mark Jones
26,6,SG,James Anderson
33,12.5,SG,Ron Boone
29,6.8,PF,Jeff Cook
20,8.2,SF,Justise Winslow
25,8,SF,Solomon Hill
35,10.2,SF,Ron Anderson
25,15,SG,Sundiata Gaines
31,12.2,SG,Ledell Eackles
30,11.2,PF,Carl Landry
23,12,PG,Raul Lopez
26,9,C,Darko Milicic
20,8.4,SG,Marquis Teague
27,8.4,C,Dan O'Sullivan
34,5.2,C,Jeff Ruland
24,10.1,PG,Travis Mays
24,11,SG,Tarence Kinsey
27,-7.6,SF,Monty Williams
32,13.6,C,Sam Bowie
26,0.6,C,Keith Tower
29,8.3,C,Pat Burke
26,8.2,SF,Sam Young
21,8.8,SG,Taurean Green
25,5.5,PF,Mark Hendrickson
22,-2,PF,Bruce Kuczenski
38,1.5,PG,Mike James
23,14.6,SF,Evan Fournier
29,20,SG,David Thompson*
37,11.5,PF,Thurl Bailey
32,8.6,SG,Sasha Vujacic
27,10.6,C,Chris Engler
26,15.3,C,Miroslav Raduljica
23,0.1,PF,Georges Niang
34,12.9,SG,Anthony Bowie
30,0.9,PF,Scott Padgett
26,22.2,SG,Ralph Lewis
26,15.4,C,Tyler Zeller
22,15.9,PF,Richaun Holmes
24,0.6,PF,Sharrod Ford
28,5.6,PG,Chris Duhon
31,16.6,PF,Ron Grandison
24,9.5,PG,Melvin Booker
32,17.2,PG,J.J. Barea
29,13.5,PF,Ersan Ilyasova
30,12.3,C,Timofey Mozgov
30,11.8,C,Andrea Bargnani
35,12.4,PG,Dennis Johnson*
24,9.8,PG,Roko Ukic
26,8.2,PG,Jawad Williams
24,-2.9,PG,Dee Brown
28,1.9,SF,Pace Mannion
34,2.4,SF,Eric Williams
29,22.8,PF,LaMarcus Aldridge
32,10.1,PG,Chris Whitney
36,11.9,SF,Mike Dunleavy
37,15.5,PG,Terry Porter
26,17.2,SG,Dennis Hopson
22,10.4,SG,Adam Harrington
28,8.5,C,Tom Burleson
22,13,SF,Sam Dekker
33,10,SG,Derek Anderson
35,8.3,SG,Kevin Edwards
24,11.4,C,Ozell Jones
35,10.3,PG,Brad Davis
22,4.6,SF,Erik Daniels
26,15,PG,Dan Dickau
23,13.7,C,Phil Zevenbergen
26,11.4,C,Geert Hammink
26,9.8,SF,Jiri Welsch
24,13,SG,Jim Thomas
29,3,C,Stanley Roberts
37,17.8,C,David Robinson*
33,11.7,PF,Grant Long
34,7.2,SG,Jaren Jackson
38,11,PG,Sam Cassell
23,6.7,SG,Dave Henderson
27,11.3,PF,Al Thornton
24,12.3,C,Tarik Black
29,8.3,PF,John Lambert
31,12.7,PG,John Bagley
21,14.1,C,Steven Adams
34,4.9,C,Coby Dietrick
28,7.9,SF,Tom Tolbert
31,11.2,PF,Larry Johnson
27,13.8,PF,Serge Ibaka
24,11.6,SG,Allen Crabbe
30,18.1,SG,Doug Lee
35,4.9,PG,Vernon Maxwell
28,17.6,SG,Jordan Crawford
31,7.1,SG,Desmond Mason
25,18.3,SG,Steve Harris
24,19.8,PG,Reggie Jackson
35,9.4,C,Elton Brand
21,18.8,PG,Giannis Antetokounmpo
31,13.9,C,Marc Jackson
26,21.1,C,Greg Monroe
34,7.5,PF,Drew Gooden
27,19.1,PG,Jorge Gutierrez
25,11.1,PF,Derrick Williams
38,7.6,PF,Otis Thorpe
23,8.5,PG,Courtney Fortson
24,11.4,SG,Salim Stoudamire
26,-0.9,SG,Isaac Fontaine
24,9.7,SF,Chris Johnson
25,7.4,SF,Adam Morrison
37,10,SF,Chris Mullin*
20,6.4,PG,Wade Baldwin
33,9.6,SG,Gus Williams
28,18.1,SG,Geno Carlisle
24,15.7,SF,Demetris Nichols
29,11.9,C,Dave Feitl
27,9.7,SG,Greg Minor
27,12,C,Jake Tsakalidis
22,10.3,SF,Eddie Basden
23,-0.4,C,A.J. Bramlett
26,13.2,PG,Kyle Macy
37,5.9,C,Antonio Davis
23,8.5,PF,Brandon Davies
24,2.1,SG,Bubba Wilson
36,9,SF,Anfernee Hardaway
27,31.3,PG,Mike Penberthy
27,16.1,SG,Kelvin Upshaw
27,4.9,SG,Rudy White
31,8.6,PG,C.J. Watson
27,15.3,SF,Ken Norman
29,-9.8,PG,Johnny Moore
38,9,PG,Gary Payton*
29,11.7,PG,Larry Drew
31,19.7,PF,Brandon Bass
24,8.4,PG,Igor Rakocevic
32,11.4,PG,Deron Williams
32,10.2,PF,David Wood
31,11.8,SG,Willie Green
22,12.8,SF,Troy Williams
31,10.2,SF,Allan Bristow
28,21.7,SG,Ray Allen
32,11.8,SG,Emanual Davis
27,15.8,SG,Drazen Petrovic*
27,2.4,PF,Joe Courtney
25,11,PG,Pepe Sanchez
24,-1.7,SF,Antonio Anderson
27,14.3,SF,Renaldo Balkman
30,16.5,PF,Jim Grandholm
20,7.2,SF,Stanley Johnson
23,14.9,SG,Buddy Hield
28,4.3,C,Daniel Santiago
27,13.2,SF,Wilson Chandler
28,14.7,PG,Ish Smith
35,14.9,PG,Jannero Pargo
24,4.7,PF,Steffond Johnson
25,6.9,SF,Alando Tucker
35,4.1,C,Jason Collins
33,8.7,C,Tom Owens
31,9.7,SG,Michael Redd
26,11.7,SF,Scott Roth
30,3.7,C,Stacey King
31,4.4,PG,Stephon Marbury
29,0,PF,Anthony Miller
24,9.5,PF,Viktor Khryapa
24,18.5,SF,Anthony Brown
28,17.9,PF,Ken Bannister
23,5.6,C,Robert Archibald
23,13.2,PF,Alexander Johnson
31,11,SF,Jamaal Wilkes*
25,-1.9,SG,Lamar Patterson
30,12.6,SG,Willie Anderson
30,8.4,PF,Brad Sellers
33,6.7,PF,Lou Amundson
24,-7.1,PF,Devin Gray
32,20.2,C,Marc Gasol
24,13.6,SG,Courtney Alexander
28,11.9,SF,Dorell Wright
29,15.8,PF,Edgar Jones
34,12.6,PF,Dave Cowens*
28,11.9,C,Shelden Williams
23,7.4,PF,Mitch McGary
28,20.4,C,Brook Lopez
25,9.6,C,Todd Fuller
24,9.4,SG,Reggie Carter
32,27.2,PF,Larry Krystkowiak
37,4.4,C,Theo Ratliff
39,4.2,SG,Dale Ellis
34,11.8,SF,Tayshaun Prince
32,1.2,C,Darius Songaila
22,10,SG,Allan Ray
32,24,PF,David Lee
35,13.7,C,Jack Sikma
30,13.4,PF,Fred Roberts
23,12.9,PG,Tony Jackson
30,16.2,PF,Mirza Teletovic
34,5.6,C,Bill Walton*
33,17.1,PG,Maurice Cheeks
32,11.9,SG,Eddie House
23,11.6,SG,Ian Clark
25,7.2,SF,Travis Hansen
23,7.3,C,Mike Brittain
25,9.9,SF,Johnny Taylor
35,0.1,SF,Stephen Jackson
28,8.7,PG,Jerryd Bayless
35,6.8,SG,Doug Christie
32,7.2,C,Jerome Whitehead
38,12.6,C,Michael Cage
24,12,SG,Jermaine Taylor
23,10.7,SG,E'Twaun Moore
25,19.1,PG,Tim Frazier
35,14.1,C,Matt Bonner
29,15.8,C,Bison Dele
24,5.8,SF,Craig Shelton
30,9.1,PG,Steve Francis
26,10.9,SF,Jeff Judkins
25,10.8,C,Evan Eschmeyer
33,3.6,SF,Francisco Garcia
28,1.5,C,Michael Stewart
28,11.1,PG,Shammond Williams
25,10.2,PF,Clark Kellogg
25,14.5,SF,Gene Banks
27,10.7,PF,Hank McDowell
30,10.5,PF,Jeff Green
23,17.2,SG,Dajuan Wagner
29,9.7,PG,Ron Lee
25,14.8,PG,Trevor Ruffin
27,6.9,PF,Dave Popson
24,8.9,PF,Jerrod Mustaf
27,15.4,PF,Craig Smith
34,4.6,PG,Damon Stoudamire
29,19.8,PG,Micheal Ray
32,10,SG,Roger Mason
30,15.3,C,Chris Wilcox
25,11.9,PF,James Ray
24,1,PG,Dominic Pressley
31,15.2,SF,Cedric Maxwell
24,32,PF,Rakeem Christmas
21,13,PG,Tyler Ulis
24,-4.3,SG,Kirk Penney
25,15.2,PF,Bruce Flowers
29,11.5,C,Greg Ostertag
34,10.5,PG,Don Buse
24,-7.7,C,Dexter Pittman
22,6.2,PG,Tyshawn Taylor
22,12.9,SG,Ryan Lorthridge
23,5,C,Ben Gillery
27,-0.1,PF,Pops Mensah-Bonsu
26,9.6,SF,Marty Byrnes
33,8.7,C,Brendan Haywood
26,11.2,PG,Bryan Warrick
33,10.3,SG,Cuttino Mobley
20,8.3,PG,Corey Benjamin
29,14.7,C,Jason Thompson
30,4.3,C,Danny Fortson
25,11.1,SF,Terrence Ross
33,15.8,PG,Mookie Blaylock
24,7.4,PF,Shayne Whittington
24,6.2,C,Samardo Samuels
33,12.5,C,Jerome James
27,9.2,PF,Lonny Baxter
22,1.8,PG,Tony Wroten
28,7.3,SF,Omri Casspi
29,7.9,C,Aaron Gray
30,9.8,C,Omer Asik
34,9.6,PG,Doc Rivers
36,11,SF,Shawn Marion
24,14.1,SF,Jae Crowder
35,2.1,PF,Joe Smith
29,14.7,PG,Toney Douglas
27,4.6,SG,Rick Carlisle
33,12.5,SF,Scott Wedman
24,-1,PF,Ryan Humphrey
29,23.2,PG,Mike Conley
22,11,C,Larry Sanders
27,17.5,PF,Thaddeus Young
26,12.5,PG,Milt Palacio
31,6,C,Kendrick Perkins
26,7.7,PG,Daniel Gibson
28,9,C,Miles Plumlee
25,4.3,PF,DaJuan Summers
32,15.3,C,Erick Dampier
26,4.2,SG,Terry Duerod
31,2.5,PF,Josh Powell
31,6.6,SG,Brandon Rush
22,16.5,SG,Gary Harris
22,-0.1,C,Mike Tobey
23,10.1,SG,Donell Taylor
27,14.9,SF,Luigi Datome
33,4,C,Lorenzen Wright
32,11.9,PG,Ray Williams
28,10.5,SG,Andrew Gaze
21,10.3,PG,Javaris Crittenton
28,4.4,C,Kim Hughes
27,-3.7,SG,Yakhouba Diawara
35,7.7,PF,Nick Collison
31,11.5,PF,Gar Heard
20,6.9,PF,Domantas Sabonis
24,7.4,PF,Eric Moreland
24,16.8,PF,Dwight Powell
24,15.2,C,Cristiano Felicio
23,7,SG,Donnie Boyce
25,22,PF,Michael Bradley
29,-18.9,PG,Eddie Gill
22,3.1,SF,Mike Hall
28,30.6,PG,Russell Westbrook
29,7.2,C,Steve Scheffler
24,7,SF,Jeff Webster
22,4.4,PG,Terrence Rencher
33,4.3,PF,Austin Croshere
23,11,PG,Andre Barrett
35,10.5,SF,Anthony Parker
32,8.2,PF,Carl Herrera
25,8.6,C,David Harrison
25,1,SF,Joao Vianna
28,10.8,SG,Mickael Pietrus
30,17.9,SF,Rudy Gay
29,9,PG,Geoff Huston
27,6.5,SF,Tremaine Fowlkes
25,5.1,PG,Antonio Burks
28,10.4,SG,Richie Frahm
30,6.4,C,Kevin Kunnert
26,23.3,C,DeMarcus Cousins
24,0.5,SG,Charles Bradley
33,9.9,SG,Keith Bogans
23,9.3,PF,Dwayne Whitfield
34,17.4,PF,Anthony Mason
33,14.1,SF,Peja Stojakovic
28,8.2,SF,Don Ford
25,12.1,PF,Bo Ellis
34,9,SF,Malik Rose
28,14,SF,Luol Deng
31,25.1,PG,Magic Johnson*
24,12.5,SF,Darius Miles
31,19.3,PG,Baron Davis
24,7.5,PF,Johnny Rogers
23,29.1,PG,Bryce Cotton
36,12.1,SF,Michael Finley
25,18.3,SF,Darrin Hancock
22,11.6,C,Darren Tillis
23,8.5,PG,B.J. Tyler
24,5.7,PG,Semaj Christon
33,-7.8,PF,Popeye Jones
30,12.1,SG,Ronald Murray
27,22.5,PF,Michael Beasley
27,11.2,PG,Brooks Thompson
33,7.6,PG,Jacque Vaughn
34,4.6,SF,Mike Miller
31,12.5,PG,Eric Murdock
26,4.4,SG,Raymond Townsend
23,6.6,C,Daniel Ochefu
28,14.4,PF,Trevor Booker
27,13,SF,Greg Kelser
22,10.2,SG,Marcus Georges-Hunt
25,19.2,C,Mike Peplowski
31,8.5,C,Scot Pollard
22,8.1,SG,Dave Johnson
23,5.9,PG,Matt Othick
38,10.2,PG,Pablo Prigioni
27,-49.6,PG,Michael Wilson
28,6.7,SF,Anthony Roberts
28,-22.1,C,Michael McDonald
34,10.8,C,Swen Nater
24,10.9,SG,Grant Gondrezick
22,9.8,SG,Malcolm Lee
38,16.7,C,Rasheed Wallace
35,13.6,PF,Luis Scola
23,-0.2,PG,Cedric Jackson
22,16.7,SF,Christian Eyenga
27,0.8,SF,Jamel Thomas
34,13.7,SF,Rod Higgins
22,16.7,PG,Paul McPherson
24,13.5,SG,Stan Pietkiewicz
25,8.2,PG,Bobby Brown
23,20.4,PF,Rich Yonakor
30,1.5,PF,Tod Murphy
25,10.2,PG,Andre Turner
29,16.4,SF,Andre Spencer
23,7.6,C,Robert Whaley
23,10.2,PG,Raul Neto
25,12.7,PG,Mike Iuzzolino
32,11.6,SF,Devean George
29,5.9,PF,Scott Lloyd
23,11.4,SG,Julius Hodge
20,17.1,C,Jahlil Okafor
32,15.7,PF,J.R. Reid
26,25.3,SG,James Harden
26,11.3,SF,Desmond Ferguson
21,5,PF,Damir Markota
33,12.2,PF,Rodney Rogers
30,9.7,PG,Darryl Johnson
38,12.9,SF,Jerome Kersey
29,8.7,SF,Bob Gross
36,9.6,C,Mychal Thompson
33,8.3,PF,Chuck Person
33,11.2,SF,Jerry Reynolds
23,12.2,SG,Danuel House
26,13.1,PF,Quincy Acy
26,-11.1,SG,Dave Jamerson
36,8.4,C,Udonis Haslem
29,12.6,C,Dino Radja
29,13.2,PG,Jordan Farmar
30,10.7,PG,Jon Sundvold
36,10.7,SG,Mitch Richmond*
32,11.4,C,Greg Anderson
24,-15.2,C,Jonathan Kerner
23,10.9,SF,Tang Hamilton
23,5.9,SG,Bryn Forbes
22,5.4,PG,William Avery
20,14.8,PF,Jabari Parker
26,9.6,C,Chris Welp
25,14.6,PF,JaMychal Green
26,7.6,PG,Smush Parker
23,5.8,SF,Jeremy Richardson
25,9.6,SF,Andre Roberson
38,7.8,C,Alton Lister
22,8.7,PF,Lari Ketner
23,15.6,PF,Anthony Randolph
22,4.9,C,Fab Melo
26,15.3,PG,Keith Jennings
19,14,SF,Michael Kidd-Gilchrist
25,25.7,PG,Leon Wood
24,14.7,C,Clifford Rozier
24,16.7,PF,Cody Zeller
20,13.8,PF,Bobby Portis
35,0.8,C,Fabricio Oberto
31,11.9,PF,Jack Haley
33,9.5,PF,Steve Hawes
30,7.3,SG,Marko Jaric
26,7.9,SG,Carlos Terry
26,-7.3,SG,Billy Ray
28,8.2,SF,Linas Kleiza
32,15.2,PG,Isiah Thomas*
20,21.5,C,Nikola Jokic
28,10.2,SG,John Williamson
34,10.7,C,Marvin Webster
34,6,SF,Calbert Cheaney
31,17.8,PF,Paul Millsap
21,13.9,PF,Julius Randle
29,15.4,PG,Ty Lawson
21,10,PF,Trey Lyles
26,17.1,C,Gorgui Dieng
23,14.4,C,Walter Tavares
27,4.2,C,Granville Waiters
26,10.1,C,Hilton Armstrong
24,12.7,SF,Harold Pressley
27,16.1,PG,Tim Legler
24,5.8,SG,John Schweitz
37,7.9,SF,Tyrone Corbin
27,14.5,SF,Michael Smith
24,9.4,PF,Cal Bowdler
32,12.4,PF,Andrei Kirilenko
29,1,SG,Fred Vinson
27,7.6,PF,Ivano Newbill
28,11.6,C,Steven Hunter
31,11.1,SG,Larry Hughes
24,14.8,PF,Kyle O'Quinn
23,12.1,SF,Julian Wright
23,-17,SG,Sean Green
24,13.6,SG,Victor Oladipo
25,13.3,PG,McKinley Singleton
24,10.1,C,Les Jepsen
31,14.1,SG,Nick Young
31,10.6,PF,Jared Dudley
23,10.5,PG,Ben Uzoh
24,-4.1,SF,James Scott
30,11.1,PG,Henry Bibby
22,9,SF,J.R. Henderson
29,11.4,PG,Sebastian Telfair
29,11.8,SF,Mickael Gelabale
30,11.4,SG,Dudley Bradley
28,15.4,PF,Antoine Walker
28,5,PF,Linton Johnson
19,12.7,C,Georgios Papagiannis
30,19.7,PG,Goran Dragic
21,7.6,SF,Xavier Henry
30,10.5,SF,Billy Owens
24,11.3,SG,Markel Brown
27,4.8,SG,Mitchell Butler
30,14.5,SF,Xavier McDaniel
24,-9,C,Derrick Alston
30,10,SG,Kerry Kittles
23,9.9,PG,Joe Young
27,9.9,PF,Paul Shirley
25,14.6,C,Alexis Ajinca
22,11.9,PF,Doug Smith
22,19.6,PG,Joe Crispin
29,10,PG,Will Bynum
25,14.2,C,Kosta Koufos
21,1.5,C,Randolph Morris
26,-8.2,PF,Greg Stokes
30,12.4,SG,Tracy Moore
27,12.8,C,Bryant Reeves
29,-46.6,PG,LaMark Baker
22,12.2,SF,Caris LeVert
27,11.6,PF,Lavoy Allen
25,15.7,SF,Adrian Branch
31,11.9,PF,Ben Poquette
20,14.6,SG,Devin Booker
24,2.3,SG,Jeff Trepagnier
31,11.4,PF,Shavlik Randolph
22,10.2,PG,Gary Garland
35,11.7,PF,Danny Manning
28,10.5,PG,Greg Sutton
27,22,C,Brad Daugherty
30,13.8,PF,Wayman Tisdale
26,2,SG,Tate George
33,14.2,SG,Reggie Theus
24,12.1,SG,Carl Nicks
22,12.1,SF,Sergei Monia
29,-0.4,SG,Mark Macon
30,2.6,C,Jelani McCoy
20,17.8,SG,Ndudi Ebi
28,5.8,SF,Mike O'Koren
33,11.7,SG,Leandro Barbosa
31,13.6,PF,Kris Humphries
33,11.4,SF,Bingo Smith
34,10.6,PG,Jamaal Tinsley
31,6.7,PF,Sam Pellom
30,5.1,C,Paul Grant
35,18,SG,Lester Conner
25,13,PG,Pearl Washington
25,6.1,C,Andres Guibert
31,8.6,SF,Danny Granger
24,6.4,SF,Tony Snell
24,10.5,SF,J.R. Giddens
19,12.3,PF,Marquese Chriss
26,7.9,PG,Bobby Hurley
27,25.2,SF,Antonio Lang
21,13.6,PF,Grant Jerrett
23,7.9,PG,Byron Dinkins
33,6.6,C,Brian Grant
22,12.4,SF,Alex Bradley
25,4.7,SG,Hollis Thompson
32,15.6,SG,Pete Maravich*
26,-2.6,SG,Patrick Christopher
27,11.2,C,Hamed Haddadi
23,-3.4,SF,Rickie Winslow
25,9.1,SG,Rodney McGruder
30,12.5,PF,Tyler Hansbrough
25,8.7,PF,Mike Gibson
24,6.2,PF,Frank Kornet
25,12.5,SF,Luke Jackson
29,13.3,PF,Richard Anderson
30,6.3,C,Eric Leckner
27,2.4,C,Andris Biedrins
27,15.5,PF,Jonas Jerebko
30,12.3,SG,Gordan Giricek
28,7.7,C,Chris Mihm
22,2,SG,Morris Almond
25,9.7,SG,Jordan McRae
30,12.6,PG,Will Solomon
35,7,C,Bill Wennington
28,5.4,SF,John Brown
38,3.6,PF,Juwan Howard
26,10.2,PG,Lee Mayberry
31,12,SF,Gerald Green
26,7.7,PF,Chris McNealy
24,10.9,PG,Ruben Nembhard
28,5.9,SF,Kyle Singler
36,5,C,Billy Paultz
34,9.8,SF,George McCloud
32,10.9,SF,Ruben Patterson
25,18.6,C,Sean Williams
26,23.2,PG,John Wall
24,-1.1,SF,Noel Felix
20,17,PF,Aaron Gordon
37,13.1,PF,Horace Grant
32,11.7,C,Kent Benson
23,12,PF,Furkan Aldemir
27,14.8,SG,Brian Winters
28,12.1,PF,Russ Schoene
32,11.1,SF,David Benoit
23,-4.3,SF,Brian Martin
23,18.2,PF,Tobias Harris
28,10,SG,Carl Thomas
23,13.7,C,Greg Smith
37,4,C,Bill Cartwright
26,10.6,SF,James Ennis
23,6.3,SG,Jo Jo
34,8.9,C,Francisco Elson
28,19.2,PG,Jeremy Lin
24,19.5,C,Alan Williams
38,20.7,C,Hakeem Olajuwon*
27,-19.4,PG,Justin Dentmon
32,10,PF,Mark Pope
22,13.7,SF,Rondae Hollis-Jefferson
28,21.3,C,Dwight Howard
32,12.9,SF,Tony Campbell
24,12.2,PF,Ivan McFarlin
26,11.7,PG,Zabian Dowdell
25,7.7,SG,Brian Quinnett
24,7.7,PG,Ray McCallum
33,6.7,PF,Terry Davis
31,4.5,C,Mark Madsen
26,6.9,SF,Myles Patrick
24,7.1,PF,Anthony Avent
29,12.5,SG,Aleksandar Djordjevic
33,11,C,Anderson Varejao
23,12.2,SG,Keith Edmonson
30,15.8,SG,Purvis Short
33,6.9,PG,Rory Sparrow
29,16.6,C,Nikola Pekovic
29,14.5,SG,J.R. Smith
27,11.3,PF,Anthony Bonner
24,12.4,SG,Rodney Hood
32,11.5,SF,Greg Ballard
27,12.5,PG,Troy Hudson
28,17.6,SG,DeAndre Liggins
24,21.6,SF,Sean Lampley
27,14.9,SF,Tyreke Evans
26,7.1,SF,Sean Higgins
23,13,C,Frank Kaminsky
31,13.5,SG,Gary Neal
30,6.5,SF,Trenton Hassell
23,12.1,SG,Mark Radford
22,10.3,SF,Jerami Grant
27,10.3,PF,Charles Pittman
25,15.3,SF,Mark Davis
25,12.5,SF,Eddie Robinson
23,0.4,SG,Alphonso Ford
37,12.8,PG,Derek Harper
28,16,PF,Alex Stepheson
22,8.5,SF,Sergey Karasev
28,12.7,C,Cole Aldrich
24,8.8,SF,Chris Singleton
25,13.4,PF,Jarvis Varnado
35,6.7,PG,Antonio Daniels
27,17.8,C,Leon Powe
22,12.4,PF,Wayne Englestad
28,13.1,SG,Eric Gordon
26,9.5,C,William Bedford
27,20.3,PF,Kenneth Faried
21,7.5,PG,Isaiah Whitehead
23,-7.4,SG,Howard Carter
35,14,SG,Jamal Crawford
32,10.1,SG,Kevin Martin
34,12.5,SG,John Starks
32,9.6,PG,Moochie Norris
29,8.4,SF,Wesley Johnson
27,8.3,SG,Terry Dehere
22,4,SF,Wally Rank
24,13.2,SF,Kirk Snyder
34,13.1,PF,Lawrence Funderburke
24,4.6,PF,Ryan Stack
34,6.2,PG,Eldridge Recasner
22,6,PG,Scott Machado
26,3.5,C,Tibor Pleiss
29,8.5,PF,Terry Catledge
23,8.2,SG,Alfredrick Hughes
32,27,SF,LeBron James
33,15.6,SF,Wesley Person
22,6,PF,Corny Thompson
42,10.8,C,Dikembe Mutombo*
28,7.6,PF,Anthony Cook
27,9.2,SF,Chase Budinger
20,11.6,PF,Cliff Alexander
23,11.4,SG,Chris Robinson
33,11.7,C,Shawn Kemp
27,5.2,PF,Ruben Garces
23,10.5,SG,Brandon Knight
34,10.7,SF,Rashard Lewis
29,10.8,SG,Gerald Henderson
24,16.1,PG,Sam Vincent
23,21.5,C,Jason Lawson
24,10.8,SG,LaBradford Smith
33,9.3,SF,Adrian Griffin
32,11.4,PG,Brevin Knight
35,23.1,PF,Charles Barkley*
23,13.2,PF,Nate Johnston
23,14.5,C,Oleksiy Pecherov
28,11.7,C,Blair Rasmussen
23,15.7,SF,Jonathan Bender
23,-13,C,Justin Williams
26,8.7,SF,Tom Abernethy
32,6.7,PG,Reggie Jordan
28,11.6,PF,Torraye Braggs
23,9,PF,Paul Davis
20,11.6,PF,Pete Williams
26,1.9,SG,Dell Demps
32,15.1,SF,Tim Thomas
28,12.2,PF,Adam Keefe
25,11.5,PF,Trevor Wilson
23,11.5,C,Robert Swift
22,21.1,C,Jusuf Nurkic
33,10.9,PF,Lamar Odom
26,17.1,C,Willie Reed
30,10,C,Clemon Johnson
31,15.6,PG,Sherman Douglas
32,5.8,PG,Jay Humphries
24,5.6,PF,Jared Sullinger
27,7.1,PG,Sedric Toney
22,11,SG,Jabari Brown
26,13.6,C,Justin Hamilton
20,18.5,C,Myles Turner
31,7,C,Cherokee Parks
24,-12.6,C,Cheikh Samb
30,15.4,PF,Jerome Williams
29,10.2,SG,Danny Green
34,7.4,PG,Doug Overton
34,15.2,SF,Joe Johnson
31,8.8,SG,Cory Alexander
22,16.7,PF,Arnett Moultrie
23,11.1,PG,Lowes Moore
27,15.5,C,Alexander Volkov
30,7.7,PF,Terry Mills
23,9.6,C,Jay Guidinger
23,9,SG,Nik Stauskas
32,11.8,C,Steve Johnson
33,7.3,SG,Randy Foye
26,11.2,PF,Mark Randall
36,7.3,SF,Glen Rice
23,3.9,SF,Dave Magley
24,9.5,SF,Peter Thibeaux
23,15.3,SG,Darnell Mee
22,2.3,C,Martin Nessley
24,10.9,SF,Rudy Macklin
30,-0.2,C,Eddy Curry
24,-6.5,SG,Scotty Hopson
38,8.5,SF,Jerry Stackhouse
24,11.4,PG,Charles Jones
22,8.9,SF,Wiley Peck
19,11.2,PG,Tyus Jones
23,5.7,SF,P.J. Hairston
26,7.8,SG,John Douglas
24,12.9,C,Soumaila Samake
23,11.3,PF,Warren Kidd
26,13.5,PF,Earl Clark
35,8.7,PG,Jose Calderon
25,4,PF,Malcolm Thomas
30,16.1,PF,Lorenzo Williams
25,3.1,SF,Brian Evans
23,14.6,PF,DeJuan Blair
22,7.6,SG,Vince Taylor
37,11.2,PF,A.C. Green
38,9.8,SF,Detlef Schrempf
27,15,SF,Lazaro Borrell
23,10.1,SF,Rawle Marshall
25,13.1,PG,Dwight Buycks
28,14.9,SG,Craig Hodges
29,17.6,SF,Chris Copeland
25,9.6,SG,Rickey Williams
28,11,SF,Larry Owens
34,11.5,SG,Randy Smith
30,5.7,PG,Speedy Claxton
23,6.3,PF,Wayne Simien
38,8.4,PF,Dennis Rodman*
31,12.9,PG,Nate McMillan
26,8.7,C,Robert Werdann
26,-6.8,PG,Dexter Shouse
32,10.7,PG,Pooh Richardson
33,7.7,PG,Jarrett Jack
27,23.3,PF,Carlos Rogers
25,14.8,PF,Josh McRoberts
23,21.7,C,Leon Smith
23,-9.1,SF,Kirk Haston
27,12.4,SF,Marcus Morris
31,5.8,SG,Bob Hansen
35,7.6,SG,Craig Ehlo
24,1.9,PG,Sam Worthen
36,8.4,C,Elden Campbell
28,12.6,SF,Jeremy Evans
23,4.6,PG,Eric Johnson
35,9.8,PG,Steve Blake
32,10.6,PF,Henry James
21,15.1,PF,Christian Wood
36,13.1,PG,Rickey Green
26,29.9,SF,Winston Bennett
25,13.5,PF,David Vaughn
32,9,PG,Mike Bibby
26,10.8,SF,Landry Fields
31,10.1,C,Earl Cureton
39,9.5,C,Kurt Thomas
31,4.7,SG,Charlie Bell
21,18.1,PF,Tony Mitchell
23,10.5,SF,Eric White
24,12.3,SG,Nick Calathes
28,3.7,PG,Michael Hawkins
31,13.7,C,Tiago Splitter
23,15.6,SF,T.J. Warren
32,8.6,C,Jim Chones
27,10.3,SG,Fred Jones
23,15.2,PF,Eric Anderson
38,7,SG,Derek Fisher
29,12.8,C,Tim McCormick
26,11.2,SG,Kennard Winchester
38,6.8,C,Joe Kleine
23,12.3,PG,Chasson Randle
31,12.3,SF,Trevor Ariza
22,10.2,SF,Kevin Brooks
27,7.8,PG,Khalid Reeves
30,14.1,C,Ian Mahinmi
26,19.9,C,Andrew Bynum
22,12.5,PG,Armon Johnson
23,16,SF,Tony Dawson
29,13.3,SF,Andre Emmett
24,15.2,SG,Tim Hardaway
23,16.5,PF,Zarko Cabarkapa
36,15,SG,Chauncey Billups
31,14.2,PF,Rudy Tomjanovich
26,11,PF,Stanislav Medvedenko
19,11.9,SG,Jamal Murray
30,7.1,PF,Kevin Restani
34,0.4,PF,Tim Kempton
31,11.3,PF,George McGinnis
32,17.7,PG,Michael Adams
32,-6.8,SG,Mike Woodson
30,12.1,PF,Derek Strong
25,5.2,PG,Tony Bennett
23,11.5,SG,Clinton Smith
33,10,SF,Ira Newble
24,11.8,SG,Trajan Langdon
26,16.3,C,Mason Plumlee
32,14.7,PF,Dan Roundfield
23,6.5,SF,Derrick Chievous
23,6.1,SG,Winford Boynes
24,17.8,SG,Conner Henry
27,10.2,SF,Calvin Garrett
27,2.4,PF,D.J. White
26,19.3,SF,Ricky Blanton
29,12.2,SG,Clint Richardson
32,9.4,PG,Brent Price
22,3.8,SF,Dontae' Jones
31,0.3,C,Joel Przybilla
26,14.5,SG,Sasha Danilovic
27,13.9,C,Keon Clark
34,14.8,SG,Brent Barry
31,14.3,C,Randy Breuer
29,17.7,SF,Kelly Tripucka
35,2,C,Dean Garrett
26,13.1,SF,Nicolas Batum
27,11.8,PG,Kelvin Ransey
31,9.4,PG,Tyronn Lue
30,8.8,PF,Dwight Jones
21,17.4,PF,Kristaps Porzingis
24,-3.9,SF,Kevin Loder
34,12.1,SF,Latrell Sprewell
24,-12.4,PG,Jason Miskiri
26,18.1,PF,Jerome Lane
24,-6.6,C,Cezary Trybanski
30,15.3,PF,Mike Harris
32,8.2,C,Darryl Dawkins
31,8.9,SF,Donald Royal
37,16.6,SF,Walter Davis
28,10.6,PF,Luc Mbah
19,18.6,PF,Kevon Looney
26,9.8,SG,Alex Acker
25,14.1,PF,Richard Washington
31,12.5,PG,Kenny Smith
24,7.9,SG,Kim English
37,9.3,SG,Mario Elie
26,18.6,C,Acie Earl
25,3.6,SG,Toure' Murry
24,9.5,SG,Terence Stansbury
27,24,SG,DeMar DeRozan
32,22.1,SG,Clyde Drexler*
24,12.4,PG,Dominique Jones
31,10.1,SG,Mike Glenn
24,7.5,SF,Hanno Mottola
27,10.8,PG,Norris Cole
25,11.8,SG,Walter Bond
36,7.1,C,Chris Dudley
35,18.5,PF,Zach Randolph
29,14.6,PF,Rodney McCray
24,3.7,SF,Kris Joseph
33,5.2,PF,Brad Lohaus
27,1.2,PG,Jerel McNeal
24,10.5,SF,John Morton
26,14.2,SF,Kenny Payne
25,7.6,PF,Kenny Dennard
31,8.5,PG,Jason Hart
24,3,SF,Lou Roe
29,3.1,PG,Greg Grant
26,4.1,SF,Damion James
23,5.4,PF,Brant Weidner
24,17.5,SG,Byron Irvin
35,13.5,SG,Byron Scott
34,31.3,SF,Ryan Bowen
28,6.7,SF,Shawne Williams
34,12.3,PG,Tiny Archibald*
23,11.1,PF,Donnell Harvey
29,22.2,PG,Kyle Lowry
23,17.7,SF,James Southerland
28,8.2,PG,James Robinson
24,7.7,SG,Tracy Jackson
24,10.9,C,Mike Sweetney
23,-2.2,SF,Forrest McKenzie
28,18.8,SF,Metta World
31,19,C,Marcin Gortat
32,12,SF,Junior Bridgeman
24,10.6,PG,Rodrigue Beaubois
23,8.4,SG,Andrew Goudelock
35,10.2,C,Wayne Cooper
32,16.7,SG,Fred Hoiberg
31,11.3,PF,Josh Davis
27,25,PF,Bob Miller
30,13.9,SG,Johnny Davis
24,8.1,SF,Mike Smith
21,19.9,SF,John Greig
33,15.3,SF,Chris Morris
23,14.1,PG,Yogi Ferrell
29,9.7,PF,Marc Iavaroni
21,10.8,PG,Willie Warren
33,4.2,SG,Doug West
34,10.6,SG,Richard Hamilton
29,4.9,C,Mike Smrek
26,13,C,Melvin Turpin
20,13.7,SG,Malik Beasley
29,9.4,SF,Albert King
24,8.9,PF,Meyers Leonard
24,20.1,C,Jonas Valanciunas
24,8.9,SG,Jerome Allen
23,8.4,SF,Theron Smith
33,5,PF,Othella Harrington
34,9,C,Sean Rooks
34,6.6,C,Paul Mokeski
36,16.3,SG,Jeff Hornacek
23,11.5,SF,Glenn Robinson
26,9.2,SF,Victor Claver
23,5.3,PG,David Burns
23,0,SG,Steve Bucknall
37,12,SG,Dell Curry
29,4.9,PG,Eddie Jordan
29,6.6,PF,Kaniel Dickens
21,9.6,SG,Malachi Richardson
23,12.2,C,Eddie Griffin
31,9.4,C,Jamaal Magloire
22,11.5,PF,Pascal Siakam
26,7.5,PG,Mike Evans
36,-0.5,PG,Muggsy Bogues
24,11.7,SG,Eric Money
31,0.2,SF,Ryan Gomes
28,6.8,SG,Royal Ivey
30,2.7,C,Petur Gudmundsson
22,15.6,PG,Ralph Jackson
25,9.1,SG,Bo Kimble
24,14.4,SF,Harold Ellis
33,9.6,SG,Michael Cooper
28,10.1,SG,Wayne Ellington
27,6.9,SF,Reggie King
32,5.4,SG,Randy Wittman
34,14.7,PG,Vinny Del
25,6.6,PG,Rod Foster
28,0,SF,Billy Thompson
27,8,PG,Keith McLeod
29,10.4,SF,Travis Outlaw
22,7.5,SG,Doron Lamb
27,8.9,PG,Negele Knight
24,21.5,C,Nikola Vucevic
22,4.8,SG,Chad Kinch
28,10.8,SF,Larry Stewart
24,26,SF,Kawhi Leonard
35,21,SF,Larry Bird*
27,11.3,PF,Mark Alarie
28,11.8,PF,James Singleton
31,8.3,C,Isaac Austin
26,2.6,C,Hasheem Thabeet
24,13,PF,James Michael
26,8.8,PG,Drew Barry
25,9,C,Rickey Brown
27,12.8,SF,Gus Gerard
25,11.7,SG,Tony Bobbitt
28,3.1,SF,Elston Turner
33,8.1,C,Jawann Oldham
31,-3.3,C,Marty Conlon
26,-12.5,PF,Alaa Abdelnaby
28,20.7,SF,Alvin Heggs
34,0.8,C,Felton Spencer
32,1.8,SF,Andres Nocioni
23,6.6,C,James Lang
35,16.1,PF,Antawn Jamison
26,5.5,PF,Bernard Thompson
25,18.3,C,Jerome Jordan
36,17.9,SF,Alex English*
25,14.8,SF,Carey Scurry
32,8.9,SG,Mitchell Wiggins
30,4.1,PG,Greivis Vasquez
27,13.1,SG,Sean Kilpatrick
31,17.7,SG,Allan Houston
35,7.3,C,Tony Battie
24,32.4,C,Gary Leonard
32,13.5,SG,Jeff Grayer
33,7.3,PF,Truck Robinson
24,10.7,PF,Gary Alexander
19,5.7,PG,Dante Exum
23,8,PG,Corey Williams
30,15.4,SG,Lou Williams
23,9.2,PF,Jim Smith
23,12.2,SG,James Cotton
20,7.3,C,Stephen Zimmerman
26,-11,SF,Mike Williams
26,3.3,PG,Elliot Williams
29,16.8,PF,Marvin Williams
32,19.7,C,Bob Lanier*
22,19.3,PG,Maalik Wayns
29,3.1,SF,Alonzo Gee
29,18,PG,Mario Chalmers
23,19.9,PG,Seth Curry
32,9,PF,Kenny Thomas
33,3.4,SF,Hedo Turkoglu
33,1.3,PF,Steve Novak
30,16.7,PG,James Silas
24,6.2,C,Semih Erden
22,8.6,SG,Ben McLemore
35,11.1,SG,Kendall Gill
30,11.9,PG,Rumeal Robinson
30,6.8,C,Michael Olowokandi
25,8.4,PF,DeWayne Scales
35,11.2,SF,Danny Ferry
27,-7.3,PG,Blake Ahearn
30,11,PG,Sergio Rodriguez
31,16.7,PG,Mahmoud Abdul-Rauf
27,13,SF,Anthony Frederick
34,7.3,C,Greg Dreiling
22,12.3,PG,Jonny Flynn
27,-6,SF,Dominic McGuire
25,14.5,SG,Dion Waiters
31,10.4,C,Raef LaFrentz
25,1.1,SG,Marcus Brown
31,19.3,SG,George Gervin*
23,5.5,PG,Sean Singletary
23,9.6,SG,Bryce Dejean-Jones
20,-2.1,C,Maciej Lampe
34,6.6,C,Will Perdue
27,12.5,C,Predrag Drobnjak
30,12.7,SG,Alvin Robertson
21,14,SG,Bradley Beal
29,-3.7,SG,Jim Farmer
22,9.5,SF,Garry Witts
32,6.7,PF,Harvey Catchings
28,11.1,SF,Josh Childress
27,11.1,SF,Dionte Christmas
27,,SG,Alex Scales
23,-8.3,PF,Cedric Simmons
25,10.7,PG,Sam Jacobson
31,10.7,SF,Kevin Grevey
27,2.6,SG,Roger Phegley
31,13.6,SG,Darrell Griffith
24,,PG,JamesOn Curry
25,6.6,SG,Julyan Stone
29,11.8,C,Len Elmore
30,15.8,C,Emeka Okafor
26,14.7,C,Rasho Nesterovic
31,10.6,SG,Ben Gordon
25,10.6,SG,Von Wafer
25,12.7,SG,Paul Graham
35,11.6,SF,James Jones
23,9.9,SG,Xavier Munford
30,10.2,SF,Jay Vincent
27,3.1,C,Uwe Blab
29,13.7,SF,C.J. Miles
33,11.2,SF,Derrick McKey
30,12.6,SG,Ralph Simpson
22,8.2,SF,Alex Blackwell
32,8.1,SG,Sarunas Marciulionis*
22,12.2,C,Chris Washburn
23,15.6,SF,Khris Middleton
39,15.4,SF,Dominique Wilkins*
36,10.9,PG,Darrell Armstrong
37,9.6,PF,Robert Horry
23,14,SG,Norman Powell
23,15.1,SG,Willie White
27,6.4,C,Dave Batton
36,14.7,SF,Dahntay Jones
33,7.8,SG,Chris Ford
36,8.7,C,Mark Eaton
32,8.3,C,Scott Hastings
31,8.1,SG,Marquis Daniels
31,10.7,PF,Mitch Kupchak
35,11.8,PG,Mark Jackson
23,16.4,SF,Sherell Ford
30,14.1,C,Joakim Noah
26,16.2,SG,Trey Johnson
23,9.1,PG,Ricky Wilson
28,24.6,PG,Stephen Curry
28,20.9,C,Al Jefferson
27,10.6,C,Efthimi Rentzias
31,9.7,PF,Sidney Wicks
26,-1,SF,Shane Edwards
27,10.1,SG,Kevin Williams
24,-2.4,SG,Keith Langford
24,5.9,SF,Jeffery Taylor
29,18.7,C,Jayson Williams
32,16.8,C,Samuel Dalembert
27,18.9,C,J.J. Hickson
27,14.9,C,Todd MacCulloch
29,7.8,C,Greg Stiemsma
32,10.9,PF,Ed Nealy
22,9.3,SF,JaKarr Sampson
23,76.3,SF,Ian Lockhart
35,8.2,PG,Jason Williams
22,6,PF,Milos Babic
29,0.8,SF,Sonny Weems
20,11.3,PF,Antonis Fotsis
28,15.3,PG,Marcus Banks
26,11.1,C,John Shasky
24,16.1,C,Byron Mullens
34,3.1,PG,Eric Snow
36,10.3,SG,Dan Majerle
28,20.7,SG,Kenny Battle
29,10.2,PF,Ron Behagen
32,21.8,PF,Kevin McHale*
28,31.4,PF,Tyrus Thomas
23,11.8,PF,Donte Greene
25,11.6,SG,Alec Burks
27,9.7,PG,Corey Beck
28,-5.7,PF,Solomon Jones
22,44.3,C,Sim Bhullar
29,12.2,SF,Kornel David
34,2,C,Mike Gminski
32,8.6,PG,Luke Ridnour
23,17.4,C,Henry Sims
32,0.7,SF,Quentin Richardson
32,19.2,PF,Reggie Slater
30,9.6,PF,Eric Fernsten
25,11.3,PF,Donatas Motiejunas
24,12.5,SG,A.J. English
26,16.8,SG,Anthony Jones
35,10.7,C,Brad Miller
25,9,SF,Tyrone Nesby
23,13.9,C,Uros Slokar
23,13.3,SG,Carrick Felix
23,11.6,PF,Randell Jackson
28,8.1,SG,Otis Smith
28,8.3,C,Travis Knight
28,6.7,C,Melvin Ely
28,11,PF,Nemanja Bjelica
27,-1.9,SF,Jamal Robinson
28,3.3,SG,Chris Douglas-Roberts
28,21.1,PF,Kevin Love
29,11.1,PF,Roy Hinson
23,9.6,C,Jon Brockman
29,11.6,SF,John Wallace
29,24.2,C,Nene Hilario
26,5.9,SG,Bob Carrington
35,13.5,SG,Kyle Korver
30,10.5,C,Zan Tabak
33,7.8,SG,Don Chaney
24,4.1,PF,Steve Goodrich
31,14.5,SG,Terry Teagle
39,-9.2,C,Olden Polynice
23,11.6,SF,Dijon Thompson
37,15.3,SF,Scottie Pippen*
31,16.3,SF,Don MacLean
28,15.9,C,Aron Baynes
33,8.9,PG,Beno Udrih
28,9.9,C,Michael Doleac
24,15.9,C,Steve Stipanovich
24,5.7,SG,Lamont Strothers
26,6.9,PF,Justin Harper
40,3.5,C,James Edwards
23,6,PG,Dean Oliver
25,-0.2,PG,Maurice Baker
23,6.8,C,Julius Nwosu
29,11.5,PF,George Johnson
38,8.8,C,Rick Mahorn
30,10.7,PG,Jim Cleamons
33,13.2,PG,Fat Lever
29,12.9,PG,Shaun Livingston
33,1.6,C,Dennis Awtrey
32,9.9,PF,Tom Hammonds
32,11,PF,Pat Cummings
27,10.4,PG,Phil Ford
33,10,PG,Howard Eisley
24,-8.4,SF,Hutch Jones
19,8.2,C,Peter John
22,11.3,PG,Tony White
36,12.8,PF,Antonio McDyess
25,8,SG,Zoran Dragic
24,8.6,PG,Phil Pressey
24,2.2,SF,Cleanthony Early
25,28.7,PF,Howard Wright
20,6.7,SF,Damien Inglis
23,15.3,PG,Quinn Cook
28,9.1,PG,Mateen Cleaves
25,11,C,Vitor Faverani
35,7.1,PF,Larry Smith
31,9.4,SF,Dennis Scott
23,11.4,PF,Jack Cooley
23,7.9,SG,Keith McCord
24,8.7,SG,Jeffrey Sheppard
23,7.4,SF,Chris Jefferies
34,11.4,PG,Jameer Nelson
29,10,SG,Delaney Rudd
29,8,PG,Rex Walters
36,5.1,SF,Michael Curry
38,10.2,C,Artis Gilmore*
25,12.5,C,Kevin Seraphin
32,7.3,C,Mike Brown
25,29.8,C,Kyrylo Fesenko
26,12.6,SF,Sonny Parker
24,2.3,C,George Zidek
29,1.3,SG,Chris Quinn
35,8.7,SF,Shane Battier
26,8.2,PG,Craig Neal
22,6.4,PG,Junior Harrington
24,8.2,SG,Henry Walker
25,5.9,PG,Stewart Granger
27,16.7,SF,Scott May
30,13.7,PG,Brian Roberts
33,12.2,SF,Blue Edwards
33,13.2,PG,Calvin Murphy*
32,10.8,SG,John Battle
25,5.7,SG,Mardy Collins
31,12,PG,Elliot Perry
23,6.9,SF,Perry Jones
22,5.7,SG,Bruce Douglas
25,12.8,PG,DeJuan Wheat
29,11.5,SG,Phil Smith
26,10.2,SG,Luther Head
34,22.7,PF,Pau Gasol
20,15,C,Jamal Sampson
24,10.9,PG,Randy Woods
22,12.4,PF,Alton Ford
24,16.3,C,Kelly Olynyk
23,3.8,PF,Leonard Taylor
24,8.5,SF,Travis Wear
31,11.3,SG,Damon Jones
36,17.8,SF,Vince Carter
25,10.5,PF,Mickell Gladness
31,10.4,SF,P.J. Tucker
32,12.3,C,Kelvin Cato
25,6.7,PG,Reece Gaines
27,12.4,PF,Bostjan Nachbar
31,12.4,SF,Thabo Sefolosha
35,8.3,C,John Salley
31,14.1,SF,Mike Sanders
30,18,SF,Jamal Mashburn
30,7.2,C,Ralph Sampson*
30,11.9,SG,Wesley Matthews
36,13.4,SF,Rasual Butler
25,-11.4,SF,Linton Townes
20,-12.1,C,Pavel Podkolzin
30,8.5,SF,Ricky Davis
25,12.7,PF,Cory Jefferson
25,9.9,C,Johan Petro
31,14.9,PF,Cliff Robinson
22,4.7,C,Greg Butler
24,10.6,PG,Marcus Williams
29,10,SG,Quintin Dailey
23,9.7,SF,Kedrick Brown
32,7.2,SG,Austin Carr
25,13.2,SF,Robert Covington
28,27.6,SF,Kevin Durant
23,14.1,C,Keith Closs
24,-3.3,SG,Darington Hobson
22,10.3,PG,Erick Barkley
30,11.9,SF,DeMarre Carroll
34,5.1,PG,Ennis Whatley
21,-17.6,PF,Ben Bentil
23,-1.8,PF,Steven Smith
35,9.3,C,Scott Williams
27,13.6,SF,Darren Daye
23,10.1,PG,Mike Taylor
20,9.4,SG,Kentavious Caldwell-Pope
21,12,C,Trey Thompkins
24,9,PG,Diante Garrett
29,7.1,SG,Matt Carroll
25,7.6,SF,Marcus Liberty
29,8.3,PG,Eddie Hughes
36,12.3,PG,Steve Kerr
28,9.1,SF,Don Collins
26,10.5,C,Viacheslav Kravtsov
38,14,PF,Terry Cummings
20,4.3,C,Thomas Hamilton
26,16.2,SF,Bernard Robinson
29,12.6,PG,Rodney Stuckey
22,9.1,PG,Roy Hamilton
23,6.7,SF,Ben McDonald
22,9,PF,David Noel
27,11.9,C,Jahidi White
28,11.8,SG,Laron Profit
30,8.1,C,Duane Causwell
27,5,PF,Andrew Nicholson
34,9,PF,Clarence Weatherspoon
32,9.5,SF,Josh Howard
22,13.8,SG,Bracey Wright
26,10.2,C,Jamie Feick
29,11.3,C,Andrew DeClercq
22,7.8,SF,John Pinone
31,8.9,PG,Darrell Walker
25,11.3,SG,Tom Garrick
30,10.3,SF,Wally Szczerbiak
24,11.1,PF,Ray Owes
32,9.4,PG,Foots Walker
29,8.8,SF,Travis Williams
33,4.1,PF,Bob Thornton
29,7.2,SF,Jeff Turner
24,13.1,SG,Jordan Clarkson
34,11.6,SG,David Wesley
27,16.2,SF,Chandler Parsons
22,5.3,PF,Darrell Allums
27,11.4,SG,Brook Steppe
26,-1.3,PG,Elmer Bennett
26,7,SF,Matt Steigenga
24,15.9,SG,Will Barton
30,9.8,C,Mark Acres
28,10.1,PF,Don Reid
27,-31.9,C,Ron Crevier
25,10.5,SG,Melvin Sanders
26,14,SG,Dion Glover
29,11.6,C,Didier Ilunga-Mbenga
32,14.5,PG,John Crotty
24,9.9,PG,Scott Haffner
32,9.5,PG,Aaron Brooks
23,12.6,SG,Cory Higgins
25,11,PG,Sidney Lowe
35,9.4,PF,Aaron Williams
39,12.3,SF,Grant Hill
24,0.1,SG,Xavier Silas
27,26.5,PG,Isaiah Thomas
24,11.7,PF,Andrae Patterson
29,8.9,PF,Paul Griffin
36,9.4,PF,Kurt Rambis
36,16.8,SF,Paul Pierce
27,2.2,SG,Butch Carter
27,0,C,Matt Fish
24,22.2,SG,Ron Rowan
22,9.3,C,Ramon Rivas
26,11.6,PF,Marcus Fizer
26,8.2,PG,Stan Kimbrough
25,7.8,PF,Ryan Kelly
29,7.7,SF,Donny Marshall
34,21.6,C,Dan Issel*
27,13.4,PG,Raymond Felton
22,9.8,SF,Winston Crite
23,9.3,PG,Shabazz Napier
27,9.8,SF,Stephen Howard
38,22.6,C,Tim Duncan
22,1.4,SF,Dick Miller
31,9.5,SF,Ime Udoka
24,12.3,SF,Jermareo Davidson
30,17.4,PF,Charlie Villanueva
26,21.9,C,Andray Blatche
28,9.2,SF,Bob Wilkerson
24,44.3,PG,Everette Stephens
31,15.6,SG,Nick Van
28,13.5,PF,Ryan Anderson
28,9,C,Dave Hoppen
23,9.1,C,Nick Vanos
27,0,PG,Cedric Hunter
24,14.7,PG,Erick Green
25,8,PG,Langston Galloway
31,11.7,SF,Vladimir Radmanovic
28,-11.5,PF,John Shumate
28,8,SG,Jermaine Jackson
33,11.6,SF,Bryon Russell
33,8.3,PG,John Paxson
31,7.8,PF,Antonio Harvey
30,11.7,SG,Darwin Cook
34,16.3,SG,Pete Myers
25,15.1,C,Chris Anstey
29,9.2,SG,Kevin McKenna
26,10.8,PF,Keith Lee
38,10.2,SG,Jason Terry
26,6.8,PG,Mustafa Shakur
27,10.8,C,Darryl Watkins
26,5.1,SF,Dan Langhi
25,26.2,C,Hassan Whiteside
32,13.9,PF,Ed Pinckney
38,17.8,SG,Manu Ginobili
27,18.4,PF,Jeff Adrien
28,8.1,PF,Mark Landsberger
27,20.6,PG,Eric Bledsoe
26,14.7,SG,Oscar Torres
28,12.2,SF,Lee Nailon
27,-8.4,C,Mengke Bateer
27,14.3,C,Nenad Krstic
20,10.3,SF,Jaylen Brown
36,9.8,SF,Stacey Augmon
25,11.6,C,Joffrey Lauvergne
35,16.1,PF,Toni Kukoc
31,13.7,SF,Lamond Murray
35,0.8,C,LaSalle Thompson
23,3.5,PG,Nate Wolters
22,12.8,PF,Dario Saric
30,-5.5,SF,Bobby Simmons
25,0.6,SG,Carlton McKinney
36,14.4,PF,Elvin Hayes*
19,9.9,PG,Emmanuel Mudiay
33,11.5,SG,Mike Newlin
35,7,SG,Steve Smith
29,1.2,PF,Ruben Wolkowyski
29,14.5,C,Shawnelle Scott
27,7.3,PG,Travis Diener
31,13.5,PG,Darnell Valentine
22,5.6,PG,Chris Garner
24,12.4,SG,Cory Joseph
36,8.6,C,Frank Brickowski
29,9.3,SF,Nick Weatherspoon
23,6.5,PG,Marlon Garnett
22,23.1,C,Greg Oden
25,8.5,PF,Guy Williams
26,20.5,SG,Alexey Shved
26,14.4,SG,Avery Bradley
30,6.5,PG,Armond Hill
26,12.9,SF,Nando De
25,9.3,SF,Doug McDermott
24,14.4,PF,Walter Berry
34,7.2,PG,Randy Brown
22,4.5,SG,Greg Deane
22,13.9,C,Victor Alexander
31,11.3,PF,Pete Chilcutt
34,5.5,PF,Eduardo Najera
23,14,PG,Trey Burke
23,13,SG,Ollie Mack
34,7.6,SG,John Salmons
22,3.6,PF,Quincy Miller
34,13.6,PG,Walt Frazier*
36,-5,SG,David Wingate
26,10.4,C,Robert Sacre
33,14.9,PG,Mark Price
23,10.9,PF,Pete Verhoeven
33,0,SG,Hubert Davis
35,9.2,C,Tony Massenburg
35,14.3,SG,Danny Ainge
27,12.5,PF,Darrell Arthur
23,6.9,PG,Zoran Planinic
31,13.1,SF,Walt Williams
23,8.6,PG,Charles Jenkins
26,-9.2,SF,Rodrick Rhodes
28,18.9,PG,Adonis Jordan
31,16,SG,Anthony Morrow
31,-2.7,C,Kevin Duckworth
24,19.5,PG,Chris Corchiani
28,29.6,C,Boban Marjanovic
29,6.9,PG,Micheal Williams
32,3.7,C,Luc Longley
34,5,SF,Alan Anderson
24,11.9,SG,John Jenkins
24,7.6,SF,Elias Harris
36,10.7,SF,Matt Barnes
24,8.9,SF,Tim Breaux
24,22.6,C,Edy Tavares
27,3.2,SF,Jumaine Jones
28,12.2,PF,Mark Olberding
30,5.8,C,Eric Montross
33,17.3,PG,Kevin Johnson
22,19.1,PF,Sean May
34,13.8,SF,Kiki Vandeweghe
22,15.3,C,Russell Cross
24,3.9,PF,Roy Rogers
23,6.8,SG,Nate Driggers
25,11.4,SF,James Hardy
26,9.4,SG,Clay Johnson
23,12.4,PG,Butch Lee
23,13.2,SF,Maurice Harkless
31,10.9,PG,Mike Gale
34,9.1,SF,Bruce Bowen
36,6.3,C,Mikki Moore
35,14.8,SF,Rick Barry*
39,21.9,PG,John Stockton*
25,11.7,PF,James Thomas
27,6.8,C,JaVale McGee
23,7.9,PG,Darius Morris
27,15.5,SG,Todd Day
32,16.9,PG,Mo Williams
24,6.7,PG,Kendall Marshall
34,8.8,PG,Bimbo Coles
26,10.9,PF,Rich Manning
26,14.6,SF,James White
32,10.9,SF,Maurice Evans
27,11.5,PF,Ed Davis
24,66.8,C,Chad Gallagher
35,0.3,SF,Robert Reid
28,12.4,PG,Wes Matthews
30,12.1,C,Mark Blount
32,-1.6,C,Matt Geiger
29,7.2,PG,Walker Russell
23,6.7,PF,Orlando Graham
28,15.2,PG,Patty Mills
25,58.3,PF,Cozell McQueen
25,20.9,SF,Paul George
19,12,SF,Derrick Jones
25,9.7,SF,Brian Howard
32,13.9,PG,Scott Brooks
26,10.1,SG,Maurice Ager
27,14.9,PF,Derrick Byars
22,10.5,PG,Fred VanVleet
32,14.3,PG,Spud Webb
22,13.9,C,Charles Shackleford
30,12.7,SF,Mike Bantom
32,6.3,SF,Greg Buckner
23,14.3,SF,Jason Sasser
26,7.6,PF,Ekpe Udoh
27,10.4,PF,Lance Thomas
28,9.8,C,Jim Petersen
24,17.2,SG,Rashad McCants
26,10.1,C,Wang Zhizhi
30,-15.2,PG,Will Conroy
34,16.7,C,Jermaine O'Neal
23,27.5,C,Anthony Davis
24,15.6,SG,Michael Dickerson
19,-1.2,C,Diamond Stone
23,17.3,C,Sharone Wright
24,5,SG,Rob Rose
23,13.8,SF,Keith Booth
26,19.1,SG,Derrick Dial
22,15.3,C,Willie Cauley-Stein
31,-5.9,SG,John Mengelt
28,12.5,SG,Bobby Phills
38,13.1,PG,Jason Kidd
20,10.1,SF,Adonis Thomas
39,16.6,SG,Reggie Miller*
28,7.7,SG,O.J. Mayo
29,15.3,PG,Darren Collison
25,9.9,PG,Michael Carter-Williams
24,20.2,SF,Gordon Hayward
19,8.5,SF,Brandon Ingram
25,16,SG,Terry Furlow
23,6,C,Keith Benson
29,15.6,PG,Norm Nixon
34,13.9,SF,Orlando Woolridge
22,8.3,SF,Dwayne McClain
40,8.1,PF,Charles Oakley
32,8.4,C,Mehmet Okur
28,15.5,SG,Marcus Thornton
24,10.1,SG,Sheldon McClellan
29,11.9,PF,Major Jones
25,10.3,SG,Michael Phelps
27,12,C,Robert Traylor
21,10.6,SG,Donta Smith
29,9.6,SF,Michael Brooks
32,14,SG,Hersey Hawkins
26,4.3,C,Ron Moore
26,11.9,SG,Jonathon Simmons
37,19.6,C,Marcus Camby
21,7.5,SF,Eddie Phillips
30,16,SG,Lester Hudson
28,9.4,SF,Ron Mercer
32,13.1,PG,Devin Harris
30,13.2,PF,Larry Kenon
31,11.1,PG,Lionel Hollins
33,14.4,SF,Calvin Natt
22,3.3,SF,Kenton Edelin
32,22.3,PF,Amar'e Stoudemire
33,7.7,PG,Earl Watson
27,11.2,C,Eric Riley
25,12.8,SG,Oliver Lafayette
27,10.5,SF,John Williams
30,13.8,SF,Keith Van
25,19.8,C,Courtney Sims
35,13.9,C,Kenyon Martin
22,11,PF,Clarence Kea
21,11.2,SF,Sylvester Gray
28,12.6,PF,Henry Turner
23,17.7,SF,Kenny Williams
29,15.5,C,Oliver Miller
32,8.7,SF,Chucky Brown
23,12.7,SG,Jimmy King
36,17.6,SG,Kobe Bryant
27,17.4,SG,Reggie Lewis
37,12.5,PG,Ron Harper
33,-2.6,C,Greg Kite
37,11.8,PG,Rod Strickland
38,9.8,SG,Ricky Pierce
32,6.9,SF,Damien Wilkins
28,10.6,C,Mike Green
23,9.7,C,Jackson Vroman
24,-6.3,PF,Darnell Jackson
26,16.7,SF,Mike Mitchell
26,4,SG,Lanard Copeland
26,-2.1,SG,Orlando Johnson
25,7.3,SF,Edwin Ubiles
29,11.2,PG,Danny Young
26,8.5,SG,Donald Sloan
22,6,SG,Keith Smith
25,12.9,SG,C.J. Wilcox
23,10.8,PG,Johnny High
34,10,PG,Greg Anthony
31,2.4,PF,Jared Jeffries
22,11.4,SG,Josh Richardson
23,10.2,PG,Gerald Fitch
26,14.9,SF,Glen Gondrezick
26,47.4,SG,Jimmer Fredette
31,0.4,SG,Devin Brown
23,19.2,C,Montrezl Harrell
24,5,PF,Jerald Honeycutt
28,11,C,Boniface N'Dong
40,12.2,C,Herb Williams
24,5.7,PF,Larry Demic
37,20.3,PG,Steve Nash
33,15.4,C,Bob McAdoo*
32,12.2,SF,Billy Knight
35,22.8,PG,Gary Grant
27,13.3,PF,Derrick Gervin
33,12.4,PF,Ben Wallace
23,3.6,C,Tito Horford
28,0.2,SF,Tom Hovasse
22,9.9,SG,Guillermo Diaz
32,11.6,PF,Ben Coleman
31,8.1,SG,Erick Strickland
36,8.7,PG,Anthony Carter
39,4.3,C,Mark West
32,0,C,Jarron Collins
26,9.1,PG,Lorenzo Romar
30,3.6,SF,Art Long
30,8.8,C,Kwame Brown
29,-2.8,C,John Coker
25,-3.3,SG,Orien Greene
29,18.5,PF,Brandan Wright
27,14.7,SF,Bojan Bogdanovic
23,9.9,C,Dan McClintock
24,7.1,PG,Nolan Smith
34,-0.3,C,James Donaldson
30,6.6,SF,Kenny Walker
23,3.6,PG,Sherron Collins
22,12.9,PG,Richard Morton
26,4.5,SF,David Thirdkill
23,4.9,SF,Andre Moore
30,1.6,SF,Cartier Martin
22,11.4,PF,JaJuan Johnson
26,11.1,PG,Larry Wright
30,-28.1,SG,Charles Smith
23,9.1,SG,Kevin Henderson
34,9,PF,Boris Diaw
32,9.5,C,Pero Antic
29,14.3,SG,Andrew Toney
24,6.9,C,Bob Martin
27,11.6,SF,Lionel Simmons
24,2.4,PG,Randolph Childress
28,25.6,PG,Kevin Pritchard
29,15.9,SG,Rolando Blackman
31,9.1,SF,LaPhonso Ellis
21,13.9,PG,Elfrid Payton
30,6.9,SF,Kevin Gamble
25,0.9,SF,Roshown McLeod
38,17.7,C,Moses Malone*
37,17.9,C,Shaquille O'Neal*
33,18.8,SF,Bernard King*
22,13.7,PG,Franklin Edwards
23,23.9,SF,Coty Clarke
26,12.8,PF,Joe Bryant
33,6,PG,Sleepy Floyd
25,7.8,C,Dwayne Schintzius
25,11.9,SG,Lance Blanks
38,6,C,Nazr Mohammed
27,8.8,C,Stojko Vrankovic
28,18.6,PF,Spencer Hawes
23,12.7,PG,Spencer Dinwiddie
23,11.1,PF,Kevin Jones
21,6,SF,Kenny Green
26,1.9,SF,Jamie Watson
27,12.2,SF,Pat Durham
26,1.6,C,LeRon Ellis
26,13.8,PF,Louis Orr
30,3.5,C,John Thomas
25,-3.9,SG,Kiwane Garris
23,8.5,C,Alex Kirk
34,3.8,SG,Larry Robinson
32,0.1,SF,Billy Thomas
32,13.7,SF,Mark Aguirre
24,14.6,PF,Cliff Levingston
35,8.2,PF,Tyrone Hill
26,11.3,PG,Acie Law
28,5.9,PF,Mike Scott
24,15.6,PG,Yuta Tabuse
24,3.4,SF,Bobby Jones
27,0.5,PF,Pat Garrity
34,5.1,PG,Chucky Atkins
27,17.5,SF,Ronald Dupree
24,15.4,PF,Larry Micheaux
30,5.1,C,Steve Hayes
30,9.1,SG,Ron Brewer
29,8.9,SG,Phil Chenier
22,19.8,PF,Nick Fazekas
19,4.2,SG,Rashad Vaughn
22,32,C,Mouhamed Sene
30,13.5,PF,Tim Perry
30,16.3,C,Roy Hibbert
27,-2.2,SG,Manny Harris
23,-2.4,SG,Matt Walsh
28,9.7,PG,Tom Henderson
31,0,PF,Adrian Caldwell
30,9.9,PG,Gilbert Arenas
34,13,PG,Tony Parker
26,15.3,PF,Jerome Moiso
33,9.7,SF,George Lynch
35,11.5,PF,Maurice Lucas
29,2.7,SG,Jimmy Oliver
34,11.8,SG,Anthony Peeler
33,5.9,PG,Ronnie Price
32,16.8,PF,Loy Vaught
24,6.4,C,John Edwards
35,15.1,SG,Joe Dumars*
32,9.4,SG,Rex Chapman
25,10.1,SG,Jerome Harmon
24,10.3,PF,Earl Evans
24,19.4,C,Darren Morningstar
29,13.7,SF,Derek Smith
22,14.6,PG,Tyler Ennis
21,11.3,PG,Marcus Smart
22,15.1,PF,Martin Muursepp
33,7,SG,Otis Birdsong
27,10.6,SF,Joey Graham
29,-2.6,C,Rick Robey
35,14,SG,Jon Barry
25,9.9,SG,Mario West
30,-3,PG,Randy Livingston
23,11.1,PG,Anthony Taylor
22,11.2,SG,Rodney Buford
29,7.2,SG,Corey Gaines
26,7.2,C,Wallace Bryant
24,5.8,SG,Jared Cunningham
26,37.7,C,Jerome Henderson
21,2.6,PG,Kenny Satterfield
29,12.8,PF,Claude Gregory
23,7.6,PG,Duane Cooper
30,7.6,C,Primoz Brezec
25,4,SG,Daequan Cook
25,10.4,PF,Rory White
32,-35.3,C,Andrew Bogut
20,14.3,SG,Zach LaVine
32,14.4,PF,Carlos Boozer
22,10.6,PG,Austin Rivers
26,-4.8,SG,Antoine Wright
34,9.4,C,Dave Robisch
27,16,SF,Chris Jent
22,8.3,SG,Devin Ebanks
28,19.7,PG,Morlon Wiley
23,9.9,C,Patrick O'Bryant
28,15.9,SF,Gary Trent
25,8,PF,Dwayne Jones
24,9.8,SF,Justin Reed
34,5.2,SF,Bob Dandridge
29,15,PF,Amir Johnson
28,21.8,C,DeAndre Jordan
22,10.8,PF,Cedric Ball
30,13.6,C,Jason Smith
27,10,SG,Kareem Rush
29,-0.8,C,Jim Zoet
34,46,C,Chuck Nevitt
33,20.6,SG,Raja Bell
25,15.3,C,Tristan Thompson
37,-1.1,PF,Mark Bryant
24,21.3,PG,Mark Wade
30,14.4,SG,Lewis Lloyd
25,6.8,SG,Keith Herron
23,3.5,PG,Terry Crosby
28,9.8,SG,Gerald Madkins
25,12.2,SG,Jim Spanarkel
23,4.3,SG,Tharon Mayes
25,-6.8,SG,Terrel Harris
24,0.5,PF,DeMarco Johnson
21,9.8,SF,Harrison Barnes
19,15.5,C,Martynas Andriuskevicius
35,-14.6,C,Brian Skinner
22,-9.7,C,Ernest Brown
31,16.4,PG,Sidney Moncrief
24,10.4,PF,Luke Harangody
26,14.6,PF,Tom Boswell
21,9.1,SF,Kelly Oubre
39,10.2,SF,Eddie Johnson
26,16.8,SF,Danilo Gallinari
22,-2.7,SG,Luis Montero
23,15.5,PF,Johnny O'Bryant
33,10.7,SG,John Long
32,1.6,C,Chuck Hayes
31,10,SG,Monta Ellis
25,15.5,PG,Billy McKinney
35,5.5,C,Benoit Benjamin
34,13.1,SG,Allen Iverson*
32,10.9,C,Calvin Booth
20,11.2,C,Olumide Oyedeji
33,9.1,PG,Marcelo Huertas
33,8,SF,Jud Buechler
24,4.5,PG,Gary Payton
31,13.2,SG,Ricky Sobers
23,-5,SG,Andre Dawkins
29,10.4,C,Obinna Ekezie
24,20.7,PG,Damian Lillard
37,7,PG,Kevin Ollie
28,8.2,SF,Damjan Rudez
37,16.9,C,Patrick Ewing*
29,-1.9,SF,Chris King
26,10,C,Elmore Spencer
27,17.6,C,Robin Lopez
32,8.4,PG,Kevin Porter
34,16,PF,David West
39,7.2,PF,Caldwell Jones
23,9.6,SG,Eric Washington
26,17.1,PG,Jrue Holiday
23,-3.5,PG,J.R. Bremer
32,17.7,C,Vlade Divac
35,11,PG,Charlie Criss
26,11.8,SG,Justin Holiday
23,-4.7,SG,Alex Garcia
30,-12.9,SG,Ibo Kutluay
29,14.2,SF,Scott Burrell
24,1.2,C,Bruno Sundov
32,17.1,PF,Chris Gatling
21,20.1,PG,Kyrie Irving
35,18.9,PF,Donyell Marshall
22,21.2,C,Andre Drummond
23,22.7,PG,Russ Smith
35,13.2,SF,Steve Mix
30,8.6,PF,Gary Plummer
27,-2.7,PF,Mel Bennett
24,13.7,PG,T.J. McConnell
30,18.4,PF,John Stroeder
24,4.8,C,Jared Reiner
25,1.5,PF,Terrence Jones
31,7.4,SG,Charlie Scott
30,13.3,SG,Marco Belinelli
30,19.8,C,Chris Bosh
26,11.1,SF,Quincy Pondexter
26,11.3,PF,Reggie Johnson
21,10.8,PF,Noah Vonleh
26,11.1,PF,Jeff Ayres
23,13.8,SG,Tyler Johnson
25,10.7,SF,Jarvis Hayes
29,12.1,PF,Jorge Garbajosa
24,0,C,Dan Godfread
19,8,SF,Yaroslav Korolev
21,10.9,PF,Yi Jianlian
31,12,PF,James Posey
26,16.8,PG,Ricky Rubio
23,5.2,SG,Devyn Marble
28,14.3,SF,Marques Johnson
22,4,SG,Vander Blue
31,2.6,PG,Nate Robinson
24,4,PG,Jamison Brewer
24,13.4,PF,Lawrence Roberts
31,16.2,C,Zaza Pachulia
31,3.4,SF,Jamario Moon
22,7.9,SF,Joe Arlauckas
33,7.7,PG,Rafer Alston
32,9,C,Pervis Ellison
22,11.7,SF,Larry Spriggs
31,5.9,SF,Walter McCarty
26,7.3,SG,Kenny Natt
24,23.3,C,Rudy Gobert
28,14.8,SF,Ansu Sesay
31,11.1,PF,Joey Dorsey
24,13.1,SG,Ricky Berry
23,15.6,C,Lucas Nogueira
21,1.1,PF,Chris McCullough
34,11.2,C,Vin Baker
26,9.2,PF,Anthony Pullard
25,16.5,SG,MarShon Brooks
25,18.7,SF,Abdul Jeelani
34,4.7,C,Greg Foster
30,4.4,SF,Andy Toolson
24,16,PF,Brad Branson
32,11.2,PG,Keyon Dooling
23,7.4,SG,Robert Hite
26,0.7,SG,Bart Kofoed
31,8.8,PF,Harvey Grant
30,7.5,PG,Quinn Buckner
29,17.6,C,Marreese Speights
27,12.2,C,Joel Freeland
31,8.1,SG,DeShawn Stevenson
32,22,SG,Dwyane Wade
24,8.3,SF,Jordan Hamilton
27,8.8,C,Joel Kramer
26,16.3,SG,Chris Carr
28,4.4,SG,Stephen Graham
38,20.5,C,Arvydas Sabonis*
26,7.4,PG,Rusty LaRue
32,6.2,SF,Gerald Wallace
23,10.6,SG,Treveon Graham
23,0,SF,Andy Panko
28,8.4,SG,Shannon Brown
24,11.2,SG,Chris Smith
27,5.1,SF,Terence Morris
29,4.5,PG,Bryce Drew
25,8,PG,Anthony Roberson
26,8.4,SG,Jeremy Pargo
32,11.7,SF,Phil Hubbard
35,14,PF,Armen Gilliam
26,8.3,C,Rafael Araujo
28,10.3,PF,Glen Davis
36,7.6,SG,Eddie Jones
26,10.6,PF,Etdrick Bohannon
24,6.6,SG,Rick Calloway
25,6.2,SF,Cedric Henderson
24,12.5,C,Dewayne Dedmon
29,7.3,C,Amal McCaskill
21,8.5,C,Jeremy Tyler
24,19.2,PF,Gary Voce
28,1.7,SG,Othyus Jeffers
25,22.8,PF,Blake Griffin
31,3.5,SF,Keith Askins
22,8.4,SF,Corey Crowder
22,4.8,PF,Walter Sharpe
25,13.6,SF,Gundars Vetra
27,0.3,SG,Tariq Abdul-Wahad
26,13.7,SG,Malik Sealy
26,11.9,PG,Ronnie Lester
35,23.6,PF,Dirk Nowitzki
30,18.5,SG,Bob Sura
29,17,PF,James Johnson
30,19.3,PG,George Hill
27,13.4,SF,Gerard King
31,13.8,PF,Taj Gibson
32,3.1,C,John Amaechi
31,16.1,PF,Antoine Carr
24,13.9,SF,Buck Johnson
22,10.6,SF,Nikoloz Tskitishvili
23,11.7,SG,Casey Jacobsen
30,4.5,SG,Jason Kapono
22,-5.4,PF,Monti Davis
23,5.5,SG,Brandon Armstrong
27,4.5,SG,Gaylon Nickerson
22,7.6,SG,Gabe Pruitt
25,15.8,PF,Derrick Favors
22,9.2,SF,Pape Sy
23,16.1,PG,Dennis Schroder
31,12.9,C,Ryan Hollins
24,17,PG,Quincy Douby
30,6.3,PF,Maurice Taylor
21,14.5,C,Jordan Williams
30,8.2,SF,Bill Hanzlik
27,-6.9,PG,Jerry Eaves
31,10.4,PF,Brian Cook
37,15.1,C,Chris Andersen
34,14.3,C,Jeff Foster
24,8,SF,Michael Ansley
27,12.4,SF,Mindaugas Kuzminskas
39,17.9,C,Kareem Abdul-Jabbar*
28,13.3,C,Mamadou N'Diaye
30,13.3,SF,Campy Russell
21,7.2,SF,Mario Hezonja
35,11.3,SF,Caron Butler
28,2.9,PG,Mike Holton
25,11.7,SF,Reggie Bullock
22,5.1,SF,Mel McCants
39,12.9,PG,Andre Miller
32,4.3,C,Ronny Turiaf
25,11.8,C,Brett Vroman
32,16.3,SF,Mark Strickland
25,10.3,SG,Shawn Respert
34,11.7,SG,Jason Richardson
21,3.4,SG,Joseph Forte
35,12.8,C,Zydrunas Ilgauskas
33,11.8,PF,Mickey Johnson
23,13.3,PG,Shane Larkin
31,1,C,Mark McNamara
27,5.4,PG,Litterial Green
24,0.5,C,William Cunningham
23,12.6,C,Malcolm Mackey
24,-8.8,C,Patrick Eddie
26,13,C,Etan Thomas
28,0.3,SG,Quinton Ross
29,11.9,PF,James Bailey
27,9.2,PG,Ira Bowman
24,11.3,SG,Kyle Weaver
27,2.9,C,Hamady N'Diaye
31,8.1,C,Joel Anthony
24,5.4,SG,Hawkeye Whitney
29,16.9,PG,Rajon Rondo
26,9.3,SG,Earl Tatum
28,18,PG,D.J. Augustin
28,9.3,PG,Jim McElroy
26,6.6,PG,Eric Maynor
28,5.3,PF,Tim Bassett
25,30.7,SG,John McCullough
26,12.1,SF,Austin Daye
25,10.5,PF,Bill Garnett
26,7.1,SF,Coby Karl
30,7.7,PF,Josh Smith
26,8.3,SG,Arvydas Macijauskas
27,4.8,SG,Maurice Carter
23,-4.8,PG,Keith Appling
23,8.8,SG,Rodney Monroe
24,-9,PG,A.J. Guyton
32,8.6,C,Joe Barry
25,12.3,SF,Terrence Williams
39,1.9,C,Danny Schayes
26,-25.5,PF,Mario Bennett
32,12.8,SF,James Worthy*
30,13.1,C,Shareef Abdur-Rahim
29,14.7,SF,Ernie Grunfeld
23,6.2,SG,Billy Reid
31,16.4,SF,Cedric Ceballos
24,15.3,SG,James Collins
27,-21.3,C,Garth Joseph
29,11.8,SG,Isaiah Rider
34,2.9,PG,Kenny Anderson
23,2.6,SG,Perry Young
25,13.2,PF,Randy White
24,-26.8,SF,Marcus Landry
26,20.4,SF,Rodney Carney
31,8.6,SF,Jan Van
24,3.4,SG,Joe Harris
32,6.4,SF,Duane Ferrell
31,9.2,PG,Matt Maloney
27,2.1,C,Kevin Salvadori
20,7.5,PF,Henry Ellenson
30,17.8,C,Roy Tarpley
25,-18.6,C,Lewis Brown
22,6,PG,Aaron Miles
22,4,PG,Cameron Payne
24,4.2,SF,Duje Dukan
26,21.1,PF,Mike Davis
22,6.1,SG,Charles Thomas
30,6.8,C,DeSagana Diop
30,13.3,SF,Carlos Delfino
36,17,SF,Julius Erving*
30,14.7,SF,Matt Harpring
28,-3.4,SG,Kelenna Azubuike
30,18.3,C,Shawn Bradley
40,17.8,PF,Karl Malone*
33,-6.3,C,Adonal Foyle
30,13.7,PG,Brian Taylor
23,12.5,SF,Martell Webster
24,11.6,PF,Jeff Nordgaard
30,10.9,C,Joe Meriweather
29,13.8,SG,Bryant Stith
28,8.4,SF,Gerald Glass
34,13.8,C,Hot Rod
29,11.9,SF,Tracy Murray
23,19.3,PF,Thomas Robinson
27,11.5,SF,Kent Bazemore
19,5.3,PF,Dragan Bender
30,0.6,SF,Willie Burton
23,14.6,SG,Stephen Thompson
27,28.8,PF,Chris Crawford
23,-4.7,PF,Lee Johnson
25,7.4,SF,Damone Brown
23,22.7,C,Carl Kilpatrick
22,9,SF,Tornike Shengelia
23,14.5,PF,Jan Vesely
35,8.5,SG,Sedale Threatt
34,-14.5,PF,Joe Wolf
30,15.1,PG,Earl Boykins
25,2.7,PF,Steve Lingenfelter
32,11.3,PG,Steve Colter
29,10.2,SF,Dante Cunningham
29,12.5,SG,Freeman Williams
28,11.2,PF,Jason Caffey
22,11.6,SG,Norm Richardson
27,13.7,PF,Ike Diogu
26,13,SF,Toby Knight
32,14.5,PG,Mack Calvin
26,17.7,C,Festus Ezeli
38,3.1,C,Ervin Johnson
26,13.9,SG,Brandon Roy
25,10.2,SG,Steve Burtt
25,67.9,C,Alan Ogg
25,-0.2,SG,Lawrence Moten
34,6.8,PF,Matt Bullard
38,9.4,SF,Sam Mitchell
25,5.4,SG,Tony Dumas
23,4.6,SG,Pat Connaughton
27,10.2,SF,Joe Stephens
22,10.6,SF,Shelton Jones
31,9.2,SF,Shandon Anderson
